"","year","med_income"
"1",2026,46971.8013937282
"2",2025,46732.0144927537
"3",2024,46426.2522522522
"4",2021,41599.1920529801
"5",2016,39408.3035714286
"6",2009,36264.5647058824
