"","year","med_income"
"1",2026,112606.746478873
"2",2025,112950.602941176
"3",2024,115506.055555556
"4",2023,104693.324324324
"5",2022,105411.552631579
"6",2021,95648.2105263158
"7",2020,80508.3448275862
"8",2019,77030.6190476191
"9",2018,72839.9268292683
"10",2017,65037.9761904762
"11",2016,59922.6428571429
"12",2015,53292.8064516129
"13",2014,51561.5806451613
"14",2013,48942.064516129
"15",2012,47727.7096774194
"16",2011,45548.3548387097
"17",2010,44624.5806451613
"18",2009,44624.5806451613
